Metro Boomin,Creepin' (with The Weeknd & 21 Savage),락
SZA,Kill Bill,락
Lil Uzi Vert,Just Wanna Rock,락
Metro Boomin,Superhero (Heroes & Villains) [with Future & Chris Brown],락
Drake,Rich Flex,락
Natanael Cano,AMG,락
Taylor Swift,Anti-Hero,락
Zach Bryan,Something in the Orange,락
NLE Choppa,SLUT ME OUT,락
Rema,Calm Down (with Selena Gomez),락
SZA,Snooze,락
d4vd,Romantic Homicide,락
Coi Leray,Players,락
SZA,Kill Bill,락
Metro Boomin,Trance (with Travis Scott & Young Thug),락
Bailey Zimmerman,Rock and A Hard Place,락
d4vd,Here With Me,락
Lizzy McAlpine,ceilings,락
Drake,Jimmy Cooks (feat. 21 Savage),락
SZA,Low,락
OneRepublic,I Ain't Worried,락
JVKE,golden hour,락
Taylor Swift,Lavender Haze,락
Bad Bunny,Me Porto Bonito,락
Drake,Spin Bout U,락
Stephen Sanchez,Until I Found You (with Em Beihold) - Em Beihold Version,락
Future,WAIT FOR U (feat. Drake & Tems),락
David Guetta,I'm Good (Blue),락
Bad Bunny,Tit챠 Me Pregunt처,락
Harry Styles,As It Was,락
Superstar Pride,PAINTING PICTURES,락
Sabrina Carpenter,Nonsense,락
Carin Leon,Que Vuelvas,락
Steve Lacy,Bad Habit,락
Sam Smith,Unholy (feat. Kim Petras),락
Post Malone,I Like You (A Happier Song) (with Doja Cat),락
Yeat,Out th챘 way,락
Metro Boomin,Too Many Nights (feat. Don Toliver & with Future),락
ThxSoMch,SPIT IN MY FACE!,락
Harry Styles,Late Night Talking,락
Brent Faiyaz,ALL MINE,락
Taylor Swift,Karma,락
Beyonc챕,CUFF IT,락
Steve Lacy,Bad Habit,락
Fuerza Regida,Igualito a Mi Ap찼,락
Harry Styles,As It Was,락
Bad Bunny,Efecto,락
SZA,Nobody Gets Me,락
Fuerza Regida,Bebe Dame,락
Brent Faiyaz,JACKIE BROWN,락
SZA,Shirt,락
Morgan Wallen,You Proof,락
Megan Moroney,Tennessee Orange,락
Luke Combs,The Kind of Love We Make,락
Grupo Frontera,No Se Va - En Vivo,락
Metro Boomin,Niagara Falls (Foot or 2) [with Travis Scott & 21 Savage],락
Zach Bryan,Sun to Me,락
Bailey Zimmerman,Fall In Love,락
Taylor Swift,Midnight Rain,락
Naturelle,Falling Asleep,락
횗engo Flow,Gato de Noche,락
Morgan Wallen,One Thing At A Time,락
Bad Bunny,Ojitos Lindos,락
Meghan Trainor,Made You Look,락
Luis R Conriquez,El Gavil찼n,락
Future,PUFFIN ON ZOOTIEZ,락
SZA,Blind,락
Peso Pluma,Siempre Pendientes,락
Luke Combs,Going; Going; Gone,락
NewJeans,Ditto,락
Cole Swindell,She Had Me At Heads Carolina,락
Taylor Swift,Bejeweled,락
Zach Bryan,Burn; Burn; Burn,락
Lil Peep,nuts,락
Billie Eilish,TV,락
Drake,On BS,락
Yandel,Yandel 150,락
El Chachito,En Paris,락
Parker McCollum,Handle On You,락
Ti챘sto,10:35,락
JVKE,golden hour,락
Taylor Swift,You're On Your Own; Kid,락
Libianca,People,락
Nate Smith,Whiskey On You,락
Corey Kent,Wild as Her,락
Zach Bryan,Oklahoma Smokeshow,락
Bad Bunny,Moscow Mule,락
Gunna,P power (feat. Drake),락
SZA,Ghost in the Machine (feat. Phoebe Bridgers),락
Drake,Pussy & Millions (feat. Travis Scott),락
Fuerza Regida,Bebe Dame,락
횠neheart,snowfall,락
Kane Brown,Thank God,락
Fuerza Regida,Billete Grande (En Vivo),락
Bizarrap,Quevedo: Bzrp Music Sessions; Vol. 52,락
Doja Cat,Vegas (From the Original Motion Picture Soundtrack ELVIS),락
Joji,Glimpse of Us,락
Ivan Cornejo,La Curiosidad,락
Steve Lacy,Static,락
Freddie Dredd,Limbo,락
JID,Surround Sound (feat. 21 Savage & Baby Tate),락
Manuel Turizo,La Bachata,락
Jordan Davis,Next Thing You Know,락
Yeat,Flawl챘ss (feat. Lil Uzi Vert),락
Jack Harlow,First Class,락
Taylor Swift,Maroon,락
Ozuna,Hey Mor,락
Kordhell,Murder In My Mind,락
Omar Apollo,Evergreen (You Didn?셳 Deserve Me At All),락
SZA,Love Language,락
Kelsea Ballerini,IF YOU GO DOWN (I'M GOIN' DOWN TOO),락
Bad Bunny,Neverita,락
Peso Pluma,El Belicon,락
Cults,Gilded Lily,락
The Weeknd,Is There Someone Else?,락
NewJeans,Hype Boy,락
Fuerza Regida,Ch y la Pizza,락
Luke Combs,The Kind of Love We Make,락
GloRilla,Tomorrow 2 (with Cardi B),락
Jelly Roll,Need A Favor,락
SZA,Awkward,락
Bad Omens,Just Pretend,락
Fuerza Regida,Ch y la Pizza,락
Morgan Wallen,Thought You Should Know,락
Feid,CHORRITO PA LAS ANIMAS,락
ERNEST,Flower Shops (feat. Morgan Wallen),락
Kendrick Lamar,N95,락
SZA,Open Arms (feat. Travis Scott),락
Bad Bunny,Party,락
beabadoobee,the perfect pair,락
SZA,Good Days,락
Jaziel Avilez,Ando Enfocado,락
Hotel Ugly,Shut up My Moms Calling - (Sped Up),락
Jon Pardi,Your Heart Or Mine,락
PinkPantheress,Boy's a liar,락
SZA,Seek & Destroy,락
Imagine Dragons,Bones,락
Eslabon Armado,HASTA LA MUERTE,락
Taylor Swift,Vigilante Shit,락
Drake,Major Distribution,락
Kylie Morgan,If He Wanted To He Would,락
Joji,Die For You,락
$uicideboy$,1000 Blunts,락
Taylor Swift,Would've; Could've; Should've,락
Taylor Swift,The Great War,락
Taylor Swift,Snow On The Beach (feat. Lana Del Rey),락
Yeat,Talk,락
Beyonc챕,AMERICA HAS A PROBLEM,락
HARDY,wait in the truck (feat. Lainey Wilson),락
Quavo,HOTEL LOBBY (Unc & Phew),락
Drake,Circo Loco,락
Grupo Marca Registrada,El Rescate,락
Noah Kahan,Stick Season,락
Arc찼ngel,La Jumpa,락
Lil Baby,Forever (feat. Fridayy),락
Suki Waterhouse,Good Looking,락
Zach Bryan,The Good I'll Do,락
NLE Choppa,Capo,락
Yeat,On tha lin챘,락
Harry Styles,Matilda,락
Marshmello,Numb,락
La Maquinaria Norte챰a,Eres Ese Algo,락
JVKE,this is what falling in love feels like,락
Drake,Broke Boys,락
Fuerza Regida,Mi Terre CLN,락
Ivan Cornejo,J.,락
Harry Styles,Satellite,락
Arc찼ngel,La Jumpa,락
Oscar Maydon,Los Collares,락
Drake,Privileged Rappers,락
Sleepy Hallow,Die Young (feat. 347aidan),락
Bad Bunny,Despu챕s de la Playa,락
Lumi Athena,SMOKE IT OFF!,락
Metro Boomin,Around Me (feat. Don Toliver),락
NewJeans,Attention,락
Parmalee,Girl In Mine,락
Lainey Wilson,Heart Like A Truck,락
Dustin Lynch,Thinking 'Bout You (feat. MacKenzie Porter),락
$uicideboy$,Matte Black,락
Lizzo,About Damn Time,락
Junior H,Los Botones Azules,락
Kendrick Lamar,Rich Spirit,락
La Adictiva,JGL,락
Harry Styles,Keep Driving,락
LE SSERAFIM,ANTIFRAGILE,락
Dove Cameron,Boyfriend,락
Dustin Lynch,Stars Like Confetti,락
Nardo Wick,Dah Dah DahDah,락
SZA,Special,락
Taylor Swift,Karma,락
Harry Styles,Daylight,락
Kenshi Yonezu,KICK BACK,락
Bad Bunny,Tarot,락
NLE Choppa,DO IT AGAIN (feat. 2Rare),락
Imagine Dragons,Bones,락
The Weeknd,Out of Time,락
Harry Styles,Music For a Sushi Restaurant,락
SZA,I Hate U,락
Oliver Tree,Miss You,락
Rosa Linn,SNAP,락
Taylor Swift,Mastermind,락
Lil Durk,Broadway Girls (feat. Morgan Wallen),락
Pharrell Williams,Cash In Cash Out,락
Walker Hayes,Fancy Like,락
Fuerza Regida,911 - En Vivo,락
Nicki Minaj,Super Freaky Girl,락
Metro Boomin,I Can't Save You (Interlude) [with Future & feat. Don Toliver],락
Kendrick Lamar,Die Hard,락
Quavo,HOTEL LOBBY (Unc & Phew),락
Juice WRLD,In My Head,락
Junior H,El Hijo Mayor,락
Metro Boomin,Raindrops (Insane) [with Travis Scott],락
Cris Mj,Una Noche en Medell챠n,락
Zach Bryan,From Austin,락
Taylor Swift,Paris,락
Juice WRLD,Cigarettes,락
Wyatt Flores,Please Don't Go,락
Wisin & Yandel,Besos Moja2,락
Bailey Zimmerman,Where It Ends,락
Feid,Feliz Cumplea챰os Ferxxo,락
Drake,Sticky,락
Maddie & Tae,Every Night Every Morning,락
Drake,Jumbotron Shit Poppin,락
Zach Bryan,Heavy Eyes,락
Chance Pe챰a,In My Room,락
Lil Baby,California Breeze,락
Morgan Evans,Over For You,락
Tyler Hubbard,5 Foot 9,락
Justin Moore,You; Me; And Whiskey,락
Jake Owen,Up There Down Here,락
MUPP,vendetta!,락
Metro Boomin,Umbrella (with 21 Savage & Young Nudy),락
Taylor Swift,Anti-Hero,락
Taylor Swift,Question...?,락
Bad Bunny,La Corriente,락
Conan Gray,Memories,락
Jordan Davis,What My World Spins Around,락
Yeat,Poppin,락
Shakira,Monoton챠a,락
Kameron Marlowe,Over Now,락
Ivan Cornejo,Est찼 Da챰ado,락
SZA,SOS,락
Taylor Swift,Lavender Haze,락
Central Cee,LET GO,락
Isabel LaRosa,i'm yours,락
The Kid LAROI,Thousand Miles,락
SZA,Used (feat. Don Toliver),락
Junior H,Vamos Para Arriba,락
Tyler Childers,Way of the Triune God - Hallelujah Version,락
Taylor Swift,Bejeweled,락
KAROL G,PROVENZA,락
Drake,Hours In Silence,락
Taylor Swift,Mastermind,락
Central Cee,Doja,락
Lauren Spencer Smith,Fingers Crossed,락
Xavier Wulf,First Light,락
Gunna,pushin P (feat. Young Thug),락
Ivan Cornejo,La 횣ltima Vez - Deluxe,락
Taylor Swift,Sweet Nothing,락
g3ox_em,GigaChad Theme - Phonk House Version,락
Lil Nas X,STAR WALKIN' (League of Legends Worlds Anthem),락
Armani White,BILLIE EILISH.,락
Sam Hunt,Water Under The Bridge,락
Keith Urban,Brown Eyes Baby,락
Ingrid Andress,Feel Like This,락
SZA,F2F,락
Taylor Swift,Midnight Rain,락
Rauw Alejandro,LOKERA,락
Mitchell Tenpenny,We Got History,락
Mariah the Scientist,Spread Thin,락
Codiciado,Vamos Aclarando Muchas Cosas - En Vivo,락
Grupo Marca Registrada,Si Fuera F찼cil,락
Lizzo,About Damn Time,락
The 1975,About You,락
Lainey Wilson,Heart Like A Truck,락
Los Gemelos De Sinaloa,Andamos Mejor,락
Taylor Swift,Bigger Than The Whole Sky,락
Zach Bryan,Motorcycle Drive By,락
Kodak Black,Super Gremlin,락
Montell Fish,Fall in Love with You.,락
Harry Styles,Little Freak,락
Shakira,Te Felicito,락
Kodak Black,Love & War,락
Tanner Adell,Love You a Little Bit,락
Lil Durk,Mad Max,락
Jane Color,Relaxing Brown Noise 256 Hz Smooth Q,락
Future,LOVE YOU BETTER,락
Bad Bunny,Un Coco,락
IVE,After LIKE,락
Fuerza Regida,Modo Maldito,락
Dierks Bentley,Gold,락
Bad Bunny,Un Ratito,락
Mac Miller,Love Lost,락
Ozuna,Hey Mor,락
Drake,BackOutsideBoyz,락
Miranda Lambert,I'll Be Lovin' You,락
Nate Smith,Wreckage,락
Carin Leon,No Es Por Ac찼,락
Drake,More M?셲,락
Bad Omens,THE DEATH OF PEACE OF MIND,발라드
Kanye West,True Love,발라드
Noah Thompson,One Day Tonight,발라드
Grupo Los de la O,Mentiras,발라드
Benson Boone,In The Stars,발라드
Rihanna,Lift Me Up - From Black Panther: Wakanda Forever - Music From and Inspired By,발라드
Taylor Swift,Labyrinth,발라드
Bad Bunny,Otro Atardecer,발라드
Lauren Spencer Smith,Flowers,발라드
SZA,Gone Girl,발라드
Brent Faiyaz,GRAVITY (FEAT. TYLER; THE CREATOR),발라드
Metro Boomin,Metro Spider (with Young Thug),발라드
Dxrk ??쇈궚,RAVE,발라드
SZA,Smoking on my Ex Pack,발라드
Russell Dickerson,God Gave Me A Girl,발라드
Jax,Victoria's Secret,발라드
Noah Kahan,Homesick,발라드
Brent Faiyaz,DEAD MAN WALKING,발라드
keshi,UNDERSTAND,발라드
Peso Pluma,Sentosa,발라드
Coco Jones,ICU,발라드
Grupo Marca Registrada,Solo Me Dejaste,발라드
CHASE WRIGHT,Hurt No More,발라드
Kendrick Lamar,United In Grief,발라드
Kendrick Lamar,Count Me Out,발라드
SZA,Shirt,발라드
NewJeans,Cookie,발라드
Metro Boomin,Feel The Fiyaaaah (with A$AP Rocky & feat. Takeoff),발라드
Zach Bryan,Fifth of May,발라드
Taylor Swift,You're On Your Own; Kid,발라드
Becky G,MAMIII,발라드
Los Gemelos De Sinaloa,No Le Aflojo,발라드
Taylor Swift,High Infidelity,발라드
Joji,Glimpse of Us,발라드
Harry Styles,Grapejuice,발라드
SZA,Notice Me,발라드
Feid,Normal,발라드
Falling In Reverse,Voices In My Head,발라드
The Weeknd,Less Than Zero,발라드
Hailee Steinfeld,Coast (feat. Anderson .Paak),발라드
Bryan Martin,Memory to Drown,발라드
Taylor Swift,Vigilante Shit,발라드
Grupo Marca Registrada,Puro Campe처n,발라드
keshi,LIMBO,발라드
Zach Bryan,All the Time,발라드
Em Beihold,Numb Little Bug,발라드
Harry Styles,Love Of My Life,발라드
Yung Gravy,Betty (Get Money),발라드
Walker Hayes,Y'all Life,발라드
Taylor Swift,Maroon,발라드
SZA,Conceited,발라드
Eslabon Armado,VETE A LA FREGADA,발라드
Lil Baby,Pop Out (feat. Nardo Wick),발라드
Jon Pardi,Last Night Lonely,발라드
Becky G,MAMIII,발라드
Noah Kahan,All My Love,발라드
Conan Gray,People Watching,발라드
Swedish House Mafia,Moth To A Flame (with The Weeknd),발라드
LiL CaKe,MERCHO,발라드
Conan Gray,Family Line,발라드
KAROL G,CAIRO,발라드
BLACKPINK,Typa Girl,발라드
Imagine Dragons,Enemy (with JID) - from the series Arcane League of Legends,발라드
Taylor Swift,This Love (Taylor?셲 Version),발라드
SZA,Far,발라드
BTS,Run BTS,발라드
TiaCorine,FreakyT,발라드
Muni Long,Hrs & Hrs,발라드
Charlie Puth,Light Switch,발라드
Gunna,Banking On Me,발라드
charlieonnafriday,Enough,발라드
Harry Styles,Daydreaming,발라드
1nonly,Step Back!,발라드
Lil Baby,Real Spill,발라드
Destroy Lonely,NOSTYLIST,발라드
LUCKI,New Drank,발라드
Noah Kahan,Stick Season,발라드
Lil Mabu,NO SNITCHING (with Dusty Locane),발라드
Brent Faiyaz,ADDICTIONS (FEAT. Tre' Amani),발라드
Juice WRLD,Face 2 Face,발라드
Burna Boy,Last Last,발라드
Stephen Sanchez,Until I Found You,발라드
JID,Dance Now (feat. Kenny Mason),발라드
Noah Kahan,Northern Attitude,발라드
Juice WRLD,Sometimes,발라드
Post Malone,Cooped Up / Return Of The Mack,발라드
IVE,LOVE DIVE,발라드
Rod Wave,By Your Side,발라드
Peezy,2 Million Up,발라드
Alec Benjamin,Devil Doesn?셳 Bargain,발라드
Mora,LA INOCENTE,발라드
Rauw Alejandro,PUNTO 40,발라드
Los Farmerz,Hublot,발라드
Bad Bunny,Andrea,발라드
Eslabon Armado,SI SUPIERAS,발라드
ROSAL횒A,DESPECH횁,발라드
Kendrick Lamar,Father Time (feat. Sampha),발라드
Juice WRLD,Already Dead,발라드
Noah Kahan,Orange Juice,발라드
Bailey Zimmerman,Get to Gettin??Gone,발라드
Whethan,LOCK IT UP (feat. Yeat; midwxst & Matt Ox),발라드
Yahritza Y Su Esencia,Soy El Unico,발라드
Jack Harlow,Dua Lipa,발라드
Metro Boomin,Walk Em Down (Don't Kill Civilians) [with 21 Savage & feat. Mustafa],발라드
Moneybagg Yo,Quickie,발라드
Kenia OS,Malas Decisiones,발라드
Lil Baby,Not Finished,발라드
MEDUZA,Bad Memories (feat. Elley Duh챕 & FAST BOY),발라드
Ivan Cornejo,Tatuajes - Deluxe,발라드
JVKE,this is what heartbreak feels like,발라드
Zach Bryan,Quittin' Time,발라드
Jung Kook,Dreamers [Music from the FIFA World Cup Qatar 2022 Official Soundtrack],발라드
Lil Yachty,Poland,발라드
Kendrick Lamar,Silent Hill,발라드
Lizzo,2 Be Loved (Am I Ready),발라드
Metro Boomin,All The Money (with Gunna) [Bonus],발라드
YoungBoy Never Broke Again,Put It On Me,발라드
Quavo,To The Bone (feat. YoungBoy Never Broke Again),발라드
Charlie Puth,Left and Right (Feat. Jung Kook of BTS),발라드
NewJeans,Hurt,발라드
Dean Lewis,How Do I Say Goodbye,발라드
BLACKPINK,Shut Down,발라드
David Kushner,Mr. Forgettable,발라드
DaBaby,Bestie,발라드
Lewis Capaldi,Forget Me,발라드
Bad Omens,Like A Villain,발라드
Tyler Hubbard,Dancin??In The Country,발라드
Lil Durk,What Happened To Virgil (feat. Gunna),발라드
Yeat,Talk,발라드
George Ezra,Green Green Grass,발라드
Stray Kids,CASE 143,발라드
Marshmello,Bye Bye,발라드
Lil Baby,Never Hating (feat. Young Thug),발라드
RAYE,Escapism. - Sped Up,발라드
Ski Mask The Slump God,OOGA BOOGA!,발라드
Bad Bunny,Dos Mil 16,발라드
Leah Kate,10 Things I Hate About You,발라드
Junior H,Extssy Model,발라드
Peso Pluma,Delivery,발라드
Lil Mabu,THROW,발라드
Tony Aguirre,Malas Rachas,발라드
Junior H,Como Jordan,발라드
Yeat,Syst챘m,발라드
d4vd,You and I,발라드
Lainey Wilson,Watermelon Moonshine,발라드
Disco Lines,Baby Girl,발라드
Yahritza Y Su Esencia,Inseparables,발라드
dkj,Aces,발라드
Nicki Minaj,Super Freaky Girl,발라드
La Santa Grifa,Tocame,발라드
Billie Eilish,The 30th,발라드
Beyonc챕,ALIEN SUPERSTAR,발라드
Bad Bunny,Yo No Soy Celoso,발라드
Montana99,I Can't - Sped Up,발라드
Rema,Calm Down,발라드
KAROL G,GAT횣BELA,발라드
Edgardo Nu챰ez,Te Amo,발라드
Grupo Frontera,Vete,발라드
Bryan Martin,We Ride,발라드
BLACKPINK,Shut Down,발라드
Denzel Curry,Walkin,발라드
Harry Styles,Cinema,발라드
YoungBoy Never Broke Again,Vette Motors,발라드
SleazyWorld Go,Sleazy Flow (with Lil Baby) - Remix,발라드
Stray Kids,MANIAC,발라드
Taylor Swift,Glitch,발라드
Ashley Cooke,running back,발라드
Metro Boomin,On Time (with John Legend),발라드
Mother Mother,Hayloft II,발라드
Elton John,Hold Me Closer,발라드
BLACKPINK,Pink Venom,발라드
BoyWithUke,IDGAF (with blackbear),발라드
Lil Tjay,Beat the Odds,발라드
Danielle Bradbery,A Special Place,발라드
Taylor Swift,Question...?,발라드
Florida Georgia Line,Up Down,발라드
Megan Thee Stallion,Her,발라드
Eden Mu챰oz,Chale,발라드
Bad Bunny,Un Verano Sin Ti,발라드
Banda MS de Sergio Liz찼rraga,Ojos Cerrados,발라드
Virlan Garcia,El Chamaquito,발라드
King Von,Don't Play That,발라드
Laufey,Valentine,발라드
Lizzo,2 Be Loved (Am I Ready),발라드
Lil Baby,Right On,발라드
Taylor Swift,Snow On The Beach (feat. Lana Del Rey),발라드
Mickey Guyton,Somethin' Bout You,발라드
$uicideboy$,Genesis,발라드
Isabel LaRosa,i'm yours sped up,발라드
Alesso,Words (feat. Zara Larsson),발라드
Dove Cameron,Breakfast,발라드
Rod Wave,Alone,발라드
Carbon,rockhardt,발라드
Carin Leon,Dame un Beso y Dime Adios - En Vivo,발라드
Universe Collectors,Mind Calming Noise,발라드
Ari Abdul,BABYDOLL (Speed),발라드
$uicideboy$,Champagne Face,발라드
Bad Bunny,Agosto,발라드
Baby Keem,highway 95,발라드
Zoe Osama,Underrated,발라드
$uicideboy$,Fucking Your Culture,발라드
Joey Bada$$,Show Me,발라드
charlieonnafriday,After Hours,발라드
Taylor Swift,Dear Reader,발라드
LE SSERAFIM,FEARLESS,발라드
Beyonc챕,BREAK MY SOUL,발라드
Icandy,Keep Dat Nigga,발라드
Grupo Firme,Calidad,발라드
Chris Jedi,La Llevo Al Cielo (Ft. 횗engo Flow),발라드
TWICE,Talk that Talk,발라드
Conan Gray,The Exit,발라드
EMELINE,cinderella's dead,발라드
NAV,Never Sleep (with Lil Baby feat. Travis Scott),발라드
Bad Bunny,El Apag처n,발라드
Juice WRLD,Burn,발라드
La Pocima Norte챰a,La Bachata,발라드
Rod Wave,Sweet Little Lies,발라드
Hitkidd,F.N.F. (Let's Go),발라드
Russell Dickerson,She Likes It (feat. Jake Scott),발라드
(G)I-DLE,Nxde,발라드
Montell Fish,Destroy Myself Just For You,발라드
Lil Tjay,In My Head,발라드
James Hype,Ferrari,발라드
Morgan Wallen,Tennessee Fan,발라드
Ivan Cornejo,Perro Abandonado,발라드
Rene챕 Rapp,Too Well,발라드
Chase Matthew,Love You Again,발라드
Bad Bunny,Ens챕챰ame a Bailar,발라드
SZA,Too Late,발라드
dhruv,double take,발라드
Falling In Reverse,ZOMBIFIED,발라드
Polo G,My All,발라드
Bad Bunny,Callaita,발라드
INTERWORLD,METAMORPHOSIS - Sped Up,발라드
Yeat,Rackz got m챘 (feat. Gunna),발라드
Ken Carson,Freestyle 2,발라드
YN Jay,Perc & Sex,발라드
Taylor Swift,Sweet Nothing,발라드
SZA,Forgiveless (feat. Ol' Dirty Bastard),발라드
ROSAL횒A,LA FAMA,발라드
Ivan Cornejo,Ya Te Perd챠 - Deluxe,발라드
Zach Bryan,Tishomingo,발라드
Ice Spice,Munch (Feelin??U),발라드
CIL,One More Shot,발라드
De Parranda,Ya Me Entere - En Vivo,발라드
Post Malone,One Right Now (with The Weeknd),발라드
Lucky Daye,Over,발라드
Morgan Wallen,Don't Think Jesus,발라드
Dax,Dear Alcohol,발라드
Megan Thee Stallion,Anxiety,발라드
Post Malone,Cooped Up (with Roddy Ricch),발라드
Grupo Frontera,Mas Que Amigos - En Vivo,발라드
Jack Harlow,Churchill Downs (feat. Drake),발라드
LUCKI,KAPITOL DENIM,발라드
Imanbek,Belly Dancer,발라드
Eden Mu챰oz,Como Quieras Quiero,발라드
6arelyhuman,Hands up!,발라드
Isolate.exe,Crystals,발라드
Lil Durk,Hanging With Wolves,발라드
Bad Bunny,Aguacero,발라드
The Weeknd,Sacrifice,발라드
Shawn Mendes,When You're Gone,발라드
House Of Pain,Jump Around - 30 Years Remaster,발라드
Polo G,Distraction,발라드
NMIXX,DICE,발라드
Cris Mj,Marisola - Remix,발라드
BoyWithUke,Toxic,발라드
Selena Gomez,My Mind & Me,발라드
Yeat,Big tonka (feat. Lil Uzi Vert),발라드
Camila Cabello,Bam Bam (feat. Ed Sheeran),발라드
Big Boss Vette,Pretty Girls Walk,발라드
Peso Pluma,Me Convert챠,발라드
$hyfromdatre,6000 Degrees (AH HA),발라드
Ayra Starr,Rush,발라드
ONIMXRU,SHADOW,발라드
Zach Bryan,Mine Again,발라드
Eem Triplin,AWKWARD FREESTYLE,발라드
Christian Nodal,Ya No Somos Ni Seremos,발라드
MoonDeity,NEON BLADE,발라드
PLAYAMANE,MIDNIGHT,발라드
Yuridia,Qu챕 Agon챠a,발라드
Noah Kahan,The View Between Villages,발라드
Rod Wave,Break My Heart,발라드
Taylor Swift,Labyrinth,발라드
Noah Kahan,Growing Sideways,발라드
Jay Eazy,Tomioka,발라드
Montell Fish,Talk 2 Me,발라드
BigXthaPlug,Texas,발라드
BLACKPINK,Tally,발라드
JIN,The Astronaut,발라드
Zach Bryan,Us Then,발라드
Eliza Rose,B.O.T.A. (Baddest Of Them All) - Edit,발라드
Noah Kahan,She Calls Me Back,발라드
SiM,The Rumbling,발라드
Lil Baby,In A Minute,발라드
Lil Uzi Vert,FOR FUN,발라드
Giveon,Lost Me,발라드
SZA,Open Arms (feat. Travis Scott),발라드
Kid Cudi,love.,발라드
ROSAL횒A,DESPECH횁,발라드
Rex Orange County,THE SHADE,발라드
Zach Bryan,Something in the Orange - Z&E's Version,발라드
Myke Towers,ULALA (OOH LA LA),발라드
Lil Baby,In A Minute,발라드
Jhayco,En La De Ella,발라드
Randy Houser,Note to Self,발라드
BoyWithUke,Sick of U (with Oliver Tree),발라드
Kameron Marlowe,Girl On Fire,발라드
Luh Tyler,Back Flippin,발라드
Ghostface Playa,Why Not,발라드
CORPSE,MISA MISA!,발라드
Bellakath,Gatita,발라드
LE SSERAFIM,Sour Grapes,발라드
Drake,Treacherous Twins,발라드
BIBI,BIBI Vengeance,발라드
Connor Price,SPLAT,발라드
Noah Kahan,Everywhere; Everything,발라드
Cults,Gilded Lily - Sped Up,발라드
Kanii,attachment (she wanna love),발라드
El Fantasma,Fuera De Servicio,발라드
DJ Khaled,STAYING ALIVE (feat. Drake & Lil Baby),발라드
Future,I'M ON ONE (feat. Drake),발라드
David Kushner,Burn,발라드
Charlie Puth,Left and Right (Feat. Jung Kook of BTS),발라드
Russ,HANDSOMER (Remix) (Feat. Ktlyn),발라드
Alok,Deep Down (feat. Never Dull),발라드
Post Malone,Wrapped Around Your Finger,발라드
Dylan Scott,Good Times Go By Too Fast,발라드
Leith Ross,We'll Never Have Sex,발라드
Lil Peep,feelz,발라드
Sean Paul,Get Busy,발라드
Thomas Rhett,Half Of Me,발라드
Kendrick Lamar,Savior,발라드
Montell Fish,Hotel,발라드
Lizzy McAlpine,doomsday,발라드
Feid,Normal,발라드
Mau y Ricky,Llorar y Llorar - con Carin Leon,발라드
Feid,Feliz Cumplea챰os Ferxxo,발라드
Drake,Middle of the Ocean,발라드
Luh Tyler,Law & Order pt. 2,발라드
Connor Price,Spinnin,발라드
TaTa,See Red,발라드
Catch Your Breath,Dial Tone,발라드
$uicideboy$,Center Core Never More,발라드
DD Osama,Dead Opps,발라드
Gucci Mane,Rumors (feat. Lil Durk),발라드
YoungBoy Never Broke Again,Fresh Prince Of Utah,발라드
Beyonc챕,ENERGY (feat. Beam),발라드
Hailey Whitters,Everything She Ain?셳,발라드
$uicideboy$,I Dream of Chrome,발라드
Chri$tian Gate$,Dangerous State of Mind,발라드
Cardi B,Hot Shit (feat. Ye & Lil Durk),발라드
BoyWithUke,Understand,발라드
Rod Wave,Love Overdose,발라드
Halsey,So Good,발라드
Conan Gray,Astronomy,발라드
Codiciado,Belico El Asunto (En Vivo),발라드
Quevedo,PUNTO G,발라드
Sabrina Carpenter,because i liked a boy,발라드
Cigarettes After Sex,Pistol,발라드
Pharrell Williams,Down In Atlanta,발라드
Bailey Zimmerman,House On Fire,발라드
Josh Meloy,Porch Light,발라드
Ian Munsick,Long Live Cowgirls (with Cody Johnson),발라드
NAYEON,POP!,발라드
Daddy Yankee,X 횣LTIMA VEZ,발라드
quannnic,life imitates life,발라드
Steve Lacy,Helmet,발라드
Ivan Cornejo,Me Hiciste un Loco,발라드
Kxllswxtch,WASTE - Sped Up Version,발라드
Megan Thee Stallion,Sweetest Pie,발라드
Grupo Arriesgado,El Fugitivo - En Vivo,발라드
Riley Green,Hell Of A Way To Go,발라드
Yahritza Y Su Esencia,Esta Noche,발라드
Zach Bryan,Summertime Blues,발라드
Sonder,Mad Riches,발라드
Future,712PM,발라드
Feid,Prohibidox,발라드
Ed Sheeran,Celestial,발라드
Tokischa,Delincuente,발라드
Alexander Stewart,blame's on me,발라드
SugarHill Keem,Ice Cream Truck,발라드
Moneybagg Yo,Blow,발라드
LE SSERAFIM,Impurities,발라드
Giveon,dec 11th,발라드
Gerardo Coronel,Te Felicito,발라드
Joji,Feeling Like The End,발라드
$uicideboy$,$uicideboy$ Were Better In 2015,발라드
Swedish House Mafia,Heaven Takes You Home (feat. Connie Constance),발라드
Stephen Dawes,Teenage Dream,발라드
Jung Kook,Stay Alive (Prod. SUGA of BTS),발라드
XXXTENTACION,vice city,발라드
Steve Lacy,Bad Habit - Sped Up,발라드
Grupo Marca Registrada,Y Sigues Siendo T첬,발라드
David Morris,Dutton Ranch Freestyle,발라드
Key Glock,Die Trying,발라드
Jaymes Young,Happiest Year,발라드
Sabrina McGregor,Inner Peace,발라드
DJ Khaled,NO SECRET (feat. Drake),발라드
Kordhell,Scopin,발라드
YoungBoy Never Broke Again,Home Ain't Home (feat. Rod Wave),발라드
Oxlade,KU LO SA - A COLORS SHOW,발라드
MAX,IT'S YOU (feat. keshi),발라드
Sadie Jean,Locksmith,발라드
Dylan Scott,Amen To That,발라드
Zach Bryan,The Greatest Day of My Life,발라드
SZA,2AM,발라드
Young Miko,Riri,발라드
Kai Cenat,Bustdown Rollie Avalanche,발라드
The 1975,I'm In Love With You,발라드
RM,Wild Flower (with youjeen),발라드
횠neheart,snowfall (Slowed + Reverb),발라드
Lady Gaga,Hold My Hand,발라드
Rihanna,Lift Me Up - From Black Panther: Wakanda Forever - Music From and Inspired By,발라드
Tyler; The Creator,Come On; Let's Go (with Nigo),발라드
sped up nightcore,just wanna rock - Sped Up Version,발라드
phonk.me,GHOST!,발라드
Mohead Mike,PTPOM 2.0,발라드
Ivan Cornejo,No Me Quise Ir,발라드
Hailey Whitters,Everything She Ain?셳,발라드
Carrie Underwood,Hate My Heart,발라드
Camila Cabello,Bam Bam (feat. Ed Sheeran),발라드
Lil Baby,Heyy,발라드
Ethel Cain,American Teenager,발라드
Kyle Hume,Fine,발라드
Luis R Conriquez,Mi Momento,발라드
SugarHill Keem,Can't Wait,발라드
The Tone-Gens,Brown Noise Snoozing,발라드
Tate McRae,she's all i wanna be,발라드
Koe Wetzel,Cabo,발라드
Destroy Lonely,NEVEREVER,발라드
SZA,Used (feat. Don Toliver),발라드
Khalid,Skyline,발라드
Bryan Martin,Everyone's An Outlaw,발라드
KUTE,AVOID ME,발라드
Bad Bunny,Me Fui de Vacaciones,발라드
Gorillaz,New Gold (feat. Tame Impala and Bootie Brown),발라드
Junior H,Loco Enamorado,발라드
EST Gee,Backstage Passes (feat. Jack Harlow),발라드
Brent Faiyaz,ROLLING STONE,발라드
Milli Hughes,Deep Phase Noise 1,발라드
Machine Gun Kelly,maybe (feat. Bring Me The Horizon),발라드
Ella Langley,Damn You,발라드
MC ORSEN,WARNING - Sped Up,발라드
Sohn Aelia,Herinneringen,발라드
DJ Khaled,STAYING ALIVE (feat. Drake & Lil Baby),발라드
Feid,Ferxxo 100,발라드
(G)I-DLE,TOMBOY,발라드
Tyga,Sunshine,발라드
Justine Skye,Collide (Sped Up Remix),발라드
Lil Tjay,Give You What You Want,발라드
Tate McRae,uh oh,발라드
Parker Jack,CRY,발라드
Tornillo,Morena,발라드
$uicideboy$,My Swisher Sweet; But My Sig Sauer,발라드
Jack Harlow,Nail Tech,발라드
Martin Garrix,Hero,발라드
Kyle Richh,Notti Bop,발라드
Lenin Ram챠rez,Solita (En Vivo),발라드
Tyga,Freaky Deaky,발라드
Noah Kahan,New Perspective,발라드
Cian Ducrot,I'll Be Waiting,발라드
LECADE,When Im Gone,발라드
Dylan Conrique,birthday cake,발라드
Yeat,Jus b챘tter,발라드
Nic D,Gasoline,발라드
Fuerza Regida,Me Toc처 Morir,발라드
Grupo Frontera,La Ladrona - En Vivo,발라드
BLACKPINK,Pink Venom,발라드
Morgan Wallen,Days That End In Why,발라드
Yuridia,Qu챕 Agon챠a,발라드
LF SYSTEM,Afraid To Feel,발라드
Victor Cibrian,En El Radio Un Cochinero,발라드
Harry Styles,Boyfriends,발라드
BLACKPINK,Hard to Love,발라드
Dreamville,Stick (with JID & J. Cole feat. Kenny Mason & Sheck Wes),발라드
skaiwater,#miles,발라드
Burna Boy,For My Hand (feat. Ed Sheeran),발라드
Pity Party (Girls Club),I hope that you think of me,발라드
Grupo Frontera,Si Yo Fuera Ladr처n,발라드
Saba,an Interlude Called ?쏞ircus??(feat. Eryn Allen Kane),발라드
Brent Faiyaz,LOOSE CHANGE,발라드
LUCKI,WHITE HOUSE (feat. Babyface Ray),발라드
BTS,Butter,발라드
Alex Warren,Chasing Shadows,발라드
Lil Baby,Back and Forth (feat. EST Gee),R&B
Freddie Dredd,Wrath,R&B
ITZY,Cheshire,R&B
The Weeknd,Take My Breath,R&B
Fuerza Regida,Whiskey Con Agua,R&B
$uicideboy$,BUCKHEAD,R&B
Ghost,Mary On A Cross,R&B
Luke Combs,Doin' This,R&B
Joey Valence & Brae,Punk Tactics,R&B
LonelyEve,The Hills X Creepin X The Color Violet,R&B
Maddie Zahm,Fat Funny Friend,R&B
Tory Lanez,I LIKE,R&B
Nas,One Mic; One Gun,R&B
Eladio Carrion,Mbappe,R&B
Drake,Massive,R&B
LE SSERAFIM,Blue Flame,R&B
ENHYPEN,Polaroid Love,R&B
Steve Lacy,Give You the World,R&B
Yeat,Doubl챘,R&B
Luke Combs,Outrunnin' Your Memory,R&B
El Alfa,Gogo Dance,R&B
Marca MP,Ya acab처 - Con Becky G,R&B
Joji,YUKON (INTERLUDE),R&B
Lainey Wilson,Watermelon Moonshine,R&B
David Guetta,Crazy What Love Can Do,R&B
Zach Bryan,Blue,R&B
Nathan Dawe,21 Reasons (feat. Ella Henderson),R&B
Los Reales Del Rio,365,R&B
Farsj철n,Tj채rnheden,R&B
Stacey Ryan,Fall In Love Alone,R&B
Ken Carson,Murda Musik (feat. Destroy Lonely),R&B
Burna Boy,Alone,R&B
Lil Yawh,Sun Down; I'm Up - Sped Up & Pitched,R&B
Zach Bryan,'68 Fastback,R&B
Giveon,For Tonight,R&B
Yeat,Krank,R&B
Noise Sleep Machine,Green Noise - Sleep Well,R&B
BigXthaPlug,Rap Niggas,R&B
MUNA,Silk Chiffon,R&B
Reiki Akoya,Fjord,R&B
Devon Cole,W.I.T.C.H.,R&B
Kane Brown,Like I Love Country Music,R&B
Beyonc챕,HEATED,R&B
Maverick City Music,Firm Foundation (He Won't),R&B
Rema,Calm Down,R&B
SCXR SOUL,DEMONS IN MY SOUL,R&B
Elevation Worship,Same God (feat. Jonsal Barrientes),R&B
Logan Docherty,A Neutral Place,R&B
Natanael Cano,Selfies,R&B
Rod Wave,Forever,R&B
Sleepy Hallow,Marie,R&B
Kendrick Lamar,Purple Hearts,R&B
Rene챕 Rapp,In The Kitchen,R&B
49 Winchester,Russell County Line,R&B
Smino,No L's,R&B
Lil Baby,U-Digg (feat. 42 Dugg & Veeze),R&B
Latto,Big Energy,R&B
anees,sun and moon,R&B
Yung Gravy,Betty (Get Money),R&B
Beyonc챕,BREAK MY SOUL,R&B
Kygo,Woke Up in Love,R&B
Eibell,SPINBACK,R&B
Homixide Gang,Lifestyle,R&B
Rod Wave,No Deal,R&B
SEVENTEEN,HOT,R&B
Beyonc챕,I'M THAT GIRL,R&B
Zach Bryan,No Cure,R&B
Flo Milli,Conceited,R&B
SleazyWorld Go,Sleazy Flow (feat. Lil Baby) - Remix,R&B
SHADXWBXRN,PRINCE OF DARKNESS,R&B
Baby Keem,naked freestyle,R&B
Gunna,25k jacket (feat. Lil Baby),R&B
Juice WRLD,Legends,R&B
Chayce Beckham,Keeping Me Up All Night,R&B
keshi,SOMEBODY,R&B
Lewis Capaldi,Pointless,R&B
Lil Baby,Detox,R&B
Jason Aldean,Trouble With A Heartbreak,R&B
Efecto Elegante,Pr챕stame Tu Coraz처n,R&B
Ti챘sto,Hot In It,R&B
Motionless In White,Masterpiece,R&B
Polim찼 Westcoast,ULTRA SOLO REMIX,R&B
Shaylen,What If I Don't,R&B
RealestK,WFM,R&B
Riovaz,you're a parasite,R&B
PSY,That That (prod. & feat. SUGA of BTS),R&B
Blake Shelton,No Body,R&B
Mike Dimes,HOME,R&B
Lil Baby,Stand On It,R&B
Future,LIKE ME (feat. 42 Dugg & Lil Baby),R&B
Yung Gravy,C'est La Vie (with bbno$ & Rich Brian),R&B
midwxst,223's (feat. BabyTron),R&B
David Kushner,Miserable Man,R&B
Tate McRae,she's all i wanna be,R&B
lovelytheband,sail away,R&B
JID,Raydar,R&B
Randall King,You In A Honky Tonk,R&B
Rex Orange County,AMAZING,R&B
Drake,I Guess It?셲 Fuck Me,R&B
42 Dugg,Everybody Shooters Too,R&B
Alejo,Pantysito,R&B
Kodak Black,Walk,R&B
Zach Bryan,Late July,R&B
Natanael Cano,Que Me Importa,R&B
Bryan Martin,More Than The Shine,R&B
Dean Lewis,How Do I Say Goodbye,R&B
The 1975,Oh Caroline,R&B
SoFaygo,Hell Yeah,R&B
Grupo Origen,Cabron Yo Puedo,R&B
Connor Price,Buddy,R&B
ROSAL횒A,BIZCOCHITO,R&B
Jengi,Bel Mercy,R&B
Natanael Cano,Brillo,R&B
Grupo Frontera,No Te Arrepentiras,R&B
Future,PUFFIN ON ZOOTIEZ,R&B
Evan Honer,Jersey Giant,R&B
Eem Triplin,JUST FRIENDS ?,R&B
NxWorries,Where I Go (feat. H.E.R.),R&B
Eem Triplin,AWKWARD FREESTYLE,R&B
Juice WRLD,Wandered To LA (with Justin Bieber),R&B
Zach Bryan,Poems and Closing Time,R&B
hemlocke springs,girlfriend,R&B
Nic D,Bankroll,R&B
횠neheart,this feeling,R&B
Beyonc챕,COZY,R&B
Joji,1AM FREESTYLE,R&B
Taylor Swift,Would've; Could've; Should've,R&B
Rod Wave,Jupiter's Diary,R&B
El Alfa,Chu Chu Pamela,R&B
Rollin Thrax,yeaaaa,R&B
Dylan Schneider,Ain't Missin' You,R&B
Koe Wetzel,Creeps,R&B
Jax Jones,Where Did You Go? (feat. MNEK),R&B
New West,Those Eyes - Sped Up,R&B
Chris Lane,Dancin' In The Moonlight (feat. Lauren Alaina),R&B
Megan Thee Stallion,Plan B,R&B
BTS,Yet To Come,R&B
BabyTron,Manute Bol,R&B
A Boogie Wit da Hoodie,Water (Drowning Pt. 2) [feat. Kodak Black],R&B
Libor Kolman,Quand vous souriez,R&B
Jelly Roll,She,R&B
Bring Me The Horizon,sTraNgeRs,R&B
Five Finger Death Punch,Welcome To The Circus,R&B
Warren Zeiders,Up To No Good,R&B
Zach Bryan,Starved,R&B
Brantley Gilbert,Son Of The Dirty South,R&B
Gunna,thought i was playing,R&B
Djo,End of Beginning,R&B
tana,off the leash! (feat. yvngxchris and Luisss),R&B
Mina Rojas,Light,R&B
Hotel Ugly,I Think I Left the Stove On,R&B
INTERWORLD,RAPTURE,R&B
The Chainsmokers,High,R&B
Metro Boomin,Lock On Me (with Travis Scott & Future),R&B
Eslabon Armado,LA PERRIE,R&B
Lil Durk,Petty Too (feat. Future),R&B
Big Scarr,MJ (feat. Quezz Ruthless),R&B
benny blanco,Bad Decisions (with BTS & Snoop Dogg),R&B
Danny Ocean,Fuera del mercado,R&B
NAV,Never Sleep (with Lil Baby feat. Travis Scott),R&B
Wyatt Flores,Losing Sleep,R&B
MoonDeity,WAKE UP!,R&B
Restless Road,Sundown Somewhere,R&B
Natanael Cano,Morritas,R&B
Hitkidd,Shabooya,R&B
Fujii Kaze,Matsuri,R&B
Jessie Reyez,FOREVER (with 6LACK),R&B
Steve Lacy,Mercury,R&B
TOMORROW X TOGETHER,Good Boy Gone Bad,R&B
Sech,Foto En Panty,R&B
Yung Gravy,C?셞st La Vie (with bbno$ & Rich Brian),R&B
Sam Hunt,Start Nowhere,R&B
Megan Thee Stallion,Budget (feat. Latto),R&B
Natalie Jane,AVA,R&B
Orion Sun,dirty dancer,R&B
Aca Malvina,Unfolded,R&B
Yeat,Dub,R&B
Edgardo Nu챰ez,Ciudad Peligrosa,R&B
j-hope,Arson,R&B
The Lumineers,WHERE WE ARE,R&B
Mike Sherm,Ballin,R&B
Moneybagg Yo,See Wat I?셫 Sayin,R&B
P!nk,Never Gonna Not Dance Again,R&B
Iniko,The King's Affirmation,R&B
Vwillz,Falling Slowly,R&B
Beyonc챕,PLASTIC OFF THE SOFA,R&B
Madds Buckley,The Red Means I Love You,R&B
Montell Fish,Hotel,R&B
Future,I'M DAT N****,R&B
Beyonc챕,VIRGO'S GROOVE,R&B
Eli Young Band,Love Ain't,R&B
Chris Lake,In The Yuma (feat. Aatig),R&B
Connor Price,Chatter,R&B
Lost Frequencies,Back To You,R&B
David Kushner,Mr. Forgettable,R&B
Lil Baby,Heyy,R&B
Zach Bryan,She's Alright,R&B
Lil Wayne,Twist Made Me,R&B
Kendrick Lamar,Mirror,R&B
Connor Price,Violet,R&B
Zach Bryan,Twenty So,R&B
Joji,NIGHT RIDER,R&B
Eem Triplin,JUST FRIENDS ?,R&B
4*TOWN (From Disney and Pixar?셲 Turning Red),Nobody Like U,R&B
Lil Baby,From Now On (feat. Future),R&B
Machine Gun Kelly,ay! (feat. Lil Wayne),R&B
Post Malone,Cooped Up (with Roddy Ricch),R&B
Xantesha,SUNRISE (Slowed + Reverb),R&B
Post Malone,Waiting For Never,R&B
Beyonc챕,CHURCH GIRL,R&B
sped up nightcore,Drowning - Sped Up Version,R&B
Spencer Crandall,Girls Like You,R&B
Zach Bryan,Highway Boys,R&B
Emanuel Fremont,Saying Things,R&B
Key Glock,Jigsaw,R&B
The Brownian Sleepers,Brown Noise Dreamer,R&B
